peptide	2min	4min	8min	16min	32min	64min	128min
PGRC1_HUMAN#R.n[305.21]GDQPAASGDS[167.00]DDDEPPPLPR.L	inactive	inactive	inhibition	inactive	inactive	inactive	inactive
MPZL1_HUMAN	ambiguous	ambiguous	ambiguous	ambiguous	ambiguous	ambiguous	ambiguous
RANB3_HUMAN	ambiguous	ambiguous	ambiguous	ambiguous	ambiguous	ambiguous	ambiguous
UBE2O_HUMAN#K.n[305.21]NMTVEQLLTGSPT[181.01]SPTVEPEK[432.30]PTR.E	inactive	inactive	inactive	inactive	activation	inactive	inactive
SRRM1_HUMAN#R.n[305.21]K[432.30]VELS[167.00]ES[167.00]EEDK[432.30]GGK[432.30].M	inactive	inhibition	inactive	inactive	inactive	inactive	inactive
I2BP1_HUMAN	ambiguous	ambiguous	ambiguous	ambiguous	ambiguous	ambiguous	ambiguous
CDK16_HUMAN	ambiguous	ambiguous	ambiguous	ambiguous	ambiguous	ambiguous	ambiguous
MK09_HUMAN	ambiguous	ambiguous	ambiguous	ambiguous	ambiguous	ambiguous	ambiguous
PTN11_HUMAN#K.n[305.21]GHEY[243.03]TNIK[432.30].Y	activation	inactive	activation	inactive	inactive	inactive	inactive
RPRD2_HUMAN#R.n[305.21]GPTSTSIDNIDGT[181.01]PVRDER.S	inactive	inhibition	inactive	inactive	inhibition	inactive	inactive
TPR_HUMAN	ambiguous	ambiguous	ambiguous	ambiguous	ambiguous	ambiguous	ambiguous
SCRIB_HUMAN	inactive	ambiguous	ambiguous	ambiguous	ambiguous	ambiguous	ambiguous
APC1_HUMAN	ambiguous	ambiguous	ambiguous	ambiguous	ambiguous	ambiguous	ambiguous
DDX21_HUMAN#K.n[305.21]K[432.30]K[432.30]AEPSEVDMNS[167.00]PK[432.30].S	inactive	inhibition	inactive	inactive	inactive	inactive	inactive
IRS4_HUMAN#K.n[305.21]SWSSY[243.03]FSLPNPFR.S	activation	inhibition	inactive	inactive	inactive	inactive	inactive
AMOT_HUMAN	ambiguous	ambiguous	ambiguous	ambiguous	ambiguous	ambiguous	ambiguous
VAMP4_HUMAN	ambiguous	ambiguous	ambiguous	ambiguous	ambiguous	ambiguous	ambiguous
ICLN_HUMAN	ambiguous	ambiguous	ambiguous	ambiguous	ambiguous	ambiguous	ambiguous
MCRS1_HUMAN	ambiguous	ambiguous	ambiguous	ambiguous	ambiguous	ambiguous	ambiguous
GRB2_HUMAN#R.n[305.21]NY[243.03]VTPVNR.N	activation	activation	inactive	inactive	inactive	inactive	inactive
CLSPN_HUMAN	ambiguous	ambiguous	ambiguous	ambiguous	ambiguous	ambiguous	ambiguous
NUP98_HUMAN	ambiguous	ambiguous	ambiguous	ambiguous	ambiguous	ambiguous	ambiguous
PDS5A_HUMAN#R.n[305.21]IISVT[181.01]PVK[432.30].N	inactive	inhibition	inactive	inactive	inactive	inactive	inactive
DDX21_HUMAN#K.n[305.21]K[432.30]K[432.30]EEPSQNDIS[167.00]PK[432.30].T	inactive	inhibition	inactive	inactive	inactive	inactive	inactive
DPP3_HUMAN	ambiguous	ambiguous	ambiguous	ambiguous	ambiguous	ambiguous	ambiguous
KAPCA_HUMAN	ambiguous	ambiguous	ambiguous	ambiguous	ambiguous	ambiguous	ambiguous
RREB1_HUMAN#K.n[305.21]DPNSATATAPPS[167.00]PLK[432.30]R.R	inactive	inhibition	inactive	inactive	inactive	inactive	inactive
SPN90_HUMAN	ambiguous	ambiguous	ambiguous	ambiguous	ambiguous	ambiguous	ambiguous
TFP11_HUMAN	ambiguous	ambiguous	ambiguous	ambiguous	ambiguous	ambiguous	ambiguous
CLAP1_HUMAN#R.n[305.21]VLSTST[181.01]DLEAAVADALK[432.30].K	inactive	inhibition	inactive	inactive	inactive	inactive	inactive
REC8_HUMAN	ambiguous	ambiguous	ambiguous	ambiguous	ambiguous	ambiguous	ambiguous
STK39_HUMAN	ambiguous	ambiguous	ambiguous	ambiguous	ambiguous	ambiguous	ambiguous
IRS4_HUMAN#R.n[305.21]GY[243.03]MMMFPR.V	activation	inactive	inactive	inactive	inactive	inactive	inactive
TCOF_HUMAN#R.n[305.21]AALAPAK[432.30]ES[167.00]PRK[432.30].G	inactive	inhibition	activation	inactive	inactive	inactive	inactive
HTSF1_HUMAN#K.n[305.21]DLDEEGS[167.00]EK[432.30]ELHENVLDK[432.30].E	inactive	inhibition	inactive	inactive	inactive	inactive	inactive
HJURP_HUMAN	ambiguous	ambiguous	ambiguous	ambiguous	ambiguous	ambiguous	ambiguous
GGA3_HUMAN#R.n[305.21]TLIPS[167.00]PPPRPK[432.30].N	inactive	inhibition	inactive	inactive	inactive	inactive	inactive
FACD2_HUMAN	ambiguous	ambiguous	ambiguous	ambiguous	ambiguous	ambiguous	ambiguous
MKX_HUMAN#K.n[305.21]LSGAVLFEDGGAS[167.00]ER.E	inactive	inhibition	inactive	inactive	inactive	inactive	inhibition
CP3A4_HUMAN	ambiguous	ambiguous	ambiguous	ambiguous	ambiguous	ambiguous	ambiguous
Q6FIE9_HUMAN	ambiguous	ambiguous	ambiguous	ambiguous	ambiguous	ambiguous	ambiguous
CBL_HUMAN#R.n[305.21]DLPPPPPPDRPYSVGAES[167.00]RPQR.R	activation	inactive	inactive	inactive	inactive	inactive	inactive
TNAP3_HUMAN	ambiguous	ambiguous	ambiguous	ambiguous	ambiguous	ambiguous	ambiguous
EPHA7_HUMAN#K.n[305.21]TY[243.03]IDPETYEDPNR.A	inhibition	inactive	inhibition	inactive	inactive	inactive	inactive
ABL2_HUMAN	ambiguous	ambiguous	ambiguous	ambiguous	ambiguous	ambiguous	ambiguous
WDR70_HUMAN#K.n[305.21]TMFAQVES[167.00]DDEEAK[432.30]NEPEWK[432.30].K	inactive	inhibition	inactive	inactive	inactive	inactive	inactive
IRS4_HUMAN#R.n[305.21]EADSSSDY[243.03]VNMDFTK[432.30].R	activation	inhibition	inactive	inactive	inactive	inactive	inactive
DENR_HUMAN#K.n[305.21]LTVENS[167.00]PK[432.30]QEAGISEGQGTAGEEEEK[432.30].K	inactive	inhibition	inactive	inactive	inactive	inactive	inactive
ITSN2_HUMAN#R.n[305.21]EEPEALY[243.03]AAVNK[432.30].K	activation	inactive	inactive	inactive	inactive	inactive	inactive
PI4KA_HUMAN	ambiguous	ambiguous	ambiguous	ambiguous	ambiguous	ambiguous	ambiguous
CYTSA_HUMAN#R.n[305.21]K[432.30]GS[167.00]SGNASEVSVAC[160.03]LTER.L	inactive	inactive	activation	activation	inactive	inactive	inactive
AT2B1_HUMAN#R.n[305.21]IEDS[167.00]EPHIPLIDDTDAEDDAPTK[432.30]R.N	inactive	inhibition	inactive	inactive	inactive	inactive	inactive
DLG3_HUMAN#R.n[305.21]DNEVDGQDY[243.03]HFVVSR.E	inactive	activation	activation	activation	activation	inhibition	inactive
PSME3_HUMAN#R.n[305.21]ITS[167.00]EAEDLVANFFPK[432.30].K	inactive	inactive	inactive	inactive	inactive	inactive	activation
LMNB2_HUMAN	ambiguous	ambiguous	ambiguous	ambiguous	ambiguous	ambiguous	ambiguous
SPB1_HUMAN#K.n[305.21]QQLPQT[181.01]PPSC[160.03]LK[432.30].T	inactive	inactive	inactive	activation	inactive	inactive	inactive
AFAD_HUMAN#R.n[305.21]EY[243.03]FTFPASK[432.30].S	activation	inhibition	inactive	inactive	inactive	inactive	inactive
POGZ_HUMAN	ambiguous	ambiguous	ambiguous	ambiguous	ambiguous	ambiguous	ambiguous
RBM15_HUMAN	ambiguous	ambiguous	ambiguous	ambiguous	ambiguous	ambiguous	ambiguous
DESP_HUMAN	ambiguous	ambiguous	ambiguous	ambiguous	ambiguous	ambiguous	ambiguous
FNBP4_HUMAN#R.n[305.21]RPILQLS[167.00]PPGPR.G	inactive	inhibition	inactive	inactive	inactive	inactive	inactive
PKP4_HUMAN#R.n[305.21]NNYALNTTATY[243.03]AEPYRPIQYR.V	inhibition	inactive	inhibition	inactive	inactive	inactive	inactive
PPR3D_HUMAN	ambiguous	ambiguous	ambiguous	ambiguous	ambiguous	ambiguous	ambiguous
ARHG5_HUMAN#R.n[305.21]DY[243.03]STVSASPTALSTLK[432.30].Q	activation	inactive	inactive	inactive	inactive	inactive	inactive
RBM33_HUMAN#R.n[305.21]AADEDWDS[167.00]ELEDDLLGEDLLSGK[432.30]K[432.30].N	inactive	inhibition	inactive	inactive	inactive	inactive	inactive
IRS4_HUMAN#K.n[305.21]EVSY[243.03]NWDPK[432.30].D	activation	inhibition	inactive	inactive	inactive	inactive	inactive
ABI2_HUMAN#R.n[305.21]TLEPVRPPVVPNDY[243.03]VPSPTR.N	activation	inactive	inhibition	inactive	inactive	inactive	inactive
LRC47_HUMAN#K.n[305.21]EEGSLSDTEADAVS[167.00]GQLPDPTTNPSAGK[432.30].D	inactive	activation	inhibition	inactive	inactive	inactive	inactive
PGAM1_HUMAN#R.n[305.21]HY[243.03]GGLTGLNK[432.30].A	inhibition	inhibition	inactive	inactive	inactive	inactive	inactive
ARHG7_HUMAN#R.n[305.21]K[432.30]PS[167.00]DEEFASR.K	inactive	inactive	inactive	inactive	activation	activation	inactive
CRKL_HUMAN#R.n[305.21]NSNSYGIPEPAHAY[243.03]AQPQTTTPLPAVSGSPGAAITPLPSTQNGPVFAK[432.30].A	inactive	activation	inactive	inactive	inactive	inactive	inactive
APC_HUMAN	inactive	ambiguous	ambiguous	ambiguous	ambiguous	ambiguous	ambiguous
PLCG1_HUMAN#K.n[305.21]IGTAEPDY[243.03]GALYEGR.N	activation	inactive	inactive	inactive	inactive	inactive	inactive
RLA1_HUMAN#K.n[305.21]K[432.30]EES[167.00]EES[167.00]DDDMGFGLFD.-	inactive	inactive	inactive	inactive	inactive	inactive	activation
PTN11_HUMAN#R.n[305.21]VY[243.03]ENVGLMQQQK[432.30].S	activation	inactive	inactive	inactive	inactive	inactive	inactive
HM20B_HUMAN	ambiguous	ambiguous	ambiguous	ambiguous	ambiguous	ambiguous	ambiguous
PSIP1_HUMAN	ambiguous	ambiguous	ambiguous	ambiguous	ambiguous	ambiguous	ambiguous
RL1D1_HUMAN#K.n[305.21]ATNES[167.00]EDEIPQLVPIGK[432.30].K	inactive	activation	inhibition	inactive	inactive	inactive	inactive
XRCC1_HUMAN#K.n[305.21]TK[432.30]PTQAAGPSS[167.00]PQK[432.30]PPTPEETK[432.30].A	inactive	inhibition	inactive	inactive	inactive	inactive	inactive
CXCL7_HUMAN	ambiguous	ambiguous	ambiguous	ambiguous	ambiguous	ambiguous	ambiguous
ACINU_HUMAN#R.n[305.21]AAK[432.30]LS[167.00]EGS[167.00]QPAEEEEDQETPSR.N	inactive	inactive	inactive	inactive	activation	activation	inactive
EFNB2_HUMAN#R.n[305.21]TADSVFC[160.03]PHY[243.03]EK[432.30].V	inactive	inhibition	inhibition	inactive	inactive	inactive	inactive
NRBP_HUMAN	ambiguous	ambiguous	ambiguous	ambiguous	ambiguous	ambiguous	ambiguous
MK03_HUMAN#R.n[305.21]IADPEHDHTGFLTEY[243.03]VATR.W	activation	activation	activation	inactive	inactive	inactive	inactive
SHC1_HUMAN#K.n[305.21]QMPPPPPC[160.03]PGRELFDDPSY[243.03]VNVQNLDK[432.30].A	activation	inactive	activation	inactive	inactive	inactive	inactive
ZN638_HUMAN	ambiguous	ambiguous	ambiguous	ambiguous	ambiguous	ambiguous	ambiguous
SVIL_HUMAN#R.n[305.21]DSSFTEVPRS[167.00]PK[432.30].H	inactive	inhibition	inactive	inactive	inactive	inactive	inactive
CHD4_HUMAN#K.n[305.21]EGIQWEAK[432.30]EDNS[167.00]EGEEILEEVGGDLEEEDDHHMEFC[160.03]R.V	inactive	inhibition	inactive	inhibition	inactive	inactive	inactive
CHAP1_HUMAN	ambiguous	ambiguous	ambiguous	ambiguous	ambiguous	ambiguous	ambiguous
DDX46_HUMAN#K.n[305.21]AALGLQDS[167.00]DDEDAAVDIDEQIESMFNSK[432.30].K	inactive	inactive	inactive	inactive	inactive	inactive	inactive
ATX2_HUMAN	ambiguous	ambiguous	ambiguous	ambiguous	ambiguous	ambiguous	ambiguous
SHC1_HUMAN#R.n[305.21]ELFDDPSY[243.03]VNVQNLDK[432.30].A	activation	inactive	inactive	activation	inactive	inactive	inactive
SENP3_HUMAN	ambiguous	ambiguous	ambiguous	ambiguous	ambiguous	ambiguous	ambiguous
AKA12_HUMAN	ambiguous	ambiguous	ambiguous	ambiguous	ambiguous	ambiguous	ambiguous
TM1L2_HUMAN#K.n[305.21]TVTY[243.03]EDPQAVGGLASALDNRK[432.30].Q	inactive	activation	inactive	inactive	inactive	inactive	inactive
TF3C1_HUMAN#R.n[305.21]K[432.30]NSSTDQGS[167.00]DEEGSLQK[432.30].E	inactive	inhibition	inactive	inhibition	inhibition	inactive	inactive
HGS_HUMAN#K.n[305.21]STYTSY[243.03]PK[432.30].A	inactive	inactive	activation	inactive	inactive	inactive	inactive
DLG3_HUMAN#R.n[305.21]RDNEVDGQDY[243.03]HFVVSR.E	inactive	activation	activation	activation	activation	inactive	inactive
ARHG5_HUMAN#R.n[305.21]SGRDY[243.03]STVSASPTALSTLK[432.30].Q	activation	inactive	activation	inactive	inactive	inactive	inactive
SG223_HUMAN#R.n[305.21]EATQPEPIY[243.03]AESTK[432.30].R	inactive	inactive	inhibition	inactive	inactive	inactive	inactive
CSK21_HUMAN	ambiguous	ambiguous	ambiguous	ambiguous	ambiguous	ambiguous	ambiguous
SCFD1_HUMAN#R.n[305.21]VNLEESSGVENS[167.00]PAGARPK[432.30].R	inactive	inhibition	inactive	inactive	inactive	inactive	inactive
CDKL5_HUMAN	ambiguous	ambiguous	ambiguous	ambiguous	ambiguous	ambiguous	ambiguous
MECP2_HUMAN	ambiguous	ambiguous	ambiguous	ambiguous	ambiguous	ambiguous	ambiguous
WIPF2_HUMAN#K.n[305.21]GSSGGY[243.03]GSGGAALQPK[432.30].G	inactive	inactive	activation	inactive	inactive	inactive	inactive
MBB1A_HUMAN#K.n[305.21]K[432.30]NQK[432.30]PSQVNGAPGS[167.00]PTEPAGQK[432.30].Q	inactive	inhibition	inactive	inactive	inactive	inactive	inactive
DDX58_HUMAN	ambiguous	ambiguous	ambiguous	ambiguous	ambiguous	ambiguous	ambiguous
DDX3X_HUMAN#R.n[305.21]SDY[243.03]DGIGSR.G	activation	inactive	inactive	inactive	inactive	inactive	inactive
GSK3A_HUMAN#R.n[305.21]GEPNVS[167.00]YIC[160.03]SR.Y	inhibition	inactive	inhibition	inactive	inactive	inactive	inactive
MRE11_HUMAN	ambiguous	ambiguous	ambiguous	ambiguous	ambiguous	ambiguous	ambiguous
PDCD4_HUMAN	ambiguous	ambiguous	ambiguous	ambiguous	ambiguous	ambiguous	ambiguous
OSBP1_HUMAN#K.n[305.21]GDMS[167.00]DEDDENEFFDAPEIITMPENLGHK[432.30]R.T	inactive	inactive	inactive	inactive	inhibition	inactive	inactive
TCOF_HUMAN#R.n[305.21]K[432.30]GAAPT[181.01]PPGK[432.30].T	inactive	inhibition	inactive	inactive	inactive	inactive	inactive
CBL_HUMAN#R.n[305.21]DLPPPPPPDRPYS[167.00]VGAESRPQR.R	activation	inhibition	inactive	inactive	inactive	inactive	inactive
STMN1_HUMAN#K.n[305.21]ESVPEFPLS[167.00]PPK[432.30].K	inactive	inactive	inactive	inactive	inactive	inactive	activation
KCC1A_HUMAN#R.n[305.21]DC[160.03]C[160.03]VEPGTELS[167.00]PTLPHQL.-	inactive	inactive	inactive	inactive	activation	activation	activation
ARHG5_HUMAN#R.n[305.21]SGRDYS[167.00]TVSASPTALSTLK[432.30].Q	activation	inactive	activation	inactive	inactive	inactive	inactive
ITSN2_HUMAN#K.n[305.21]REEPEALY[243.03]AAVNK[432.30].K	activation	inactive	inactive	inactive	inactive	inactive	inactive
ZMYM4_HUMAN	ambiguous	ambiguous	ambiguous	ambiguous	ambiguous	ambiguous	ambiguous
T22D4_HUMAN	ambiguous	ambiguous	ambiguous	ambiguous	ambiguous	ambiguous	ambiguous
CRKL_HUMAN#K.n[305.21]RVPC[160.03]AY[243.03]DK[432.30].T	activation	inhibition	inactive	inactive	inactive	inactive	inactive
ATX2L_HUMAN#K.n[305.21]GPPQS[167.00]PVFEGVYNNSR.M	inactive	inactive	inactive	inactive	inactive	activation	activation
RBP2_HUMAN	ambiguous	ambiguous	ambiguous	ambiguous	ambiguous	ambiguous	ambiguous
HNRL1_HUMAN#R.n[305.21]GRS[167.00]PQPPAEEDEDDFDDTLVAIDTYNC[160.03]DLHFK[432.30].V	inactive	inhibition	inactive	inactive	inactive	inactive	inactive
PEBB_HUMAN#R.n[305.21]QTPSREY[243.03]VDLER.E	inactive	inactive	activation	inactive	inactive	inactive	inactive
PAK1_HUMAN	ambiguous	ambiguous	ambiguous	ambiguous	ambiguous	ambiguous	ambiguous
RUNX1_HUMAN	ambiguous	ambiguous	ambiguous	ambiguous	ambiguous	ambiguous	ambiguous
A8K031_HUMAN	ambiguous	ambiguous	ambiguous	ambiguous	ambiguous	ambiguous	ambiguous
HGS_HUMAN#R.n[305.21]YLNRNY[243.03]WEK[432.30].K	inactive	inactive	activation	inactive	inactive	inactive	inactive
IF4B_HUMAN#R.n[305.21]ARPATDSFDDY[243.03]PPRRGDDSFGDK[432.30].Y	inactive	activation	inactive	inactive	inactive	inactive	inactive
BMS1_HUMAN	ambiguous	ambiguous	ambiguous	ambiguous	ambiguous	ambiguous	ambiguous
LYRIC_HUMAN	ambiguous	ambiguous	ambiguous	ambiguous	ambiguous	ambiguous	ambiguous
TRA2A_HUMAN#R.n[305.21]AHT[181.01]PTPGIYMGRPTHSGGGGGGGGGGGGGGGGR.R	inactive	activation	inhibition	inactive	inactive	inactive	inactive
HOIL1_HUMAN#R.n[305.21]NSQEAEVSC[160.03]PFIDNTY[243.03]SC[160.03]SGK[432.30].L	inactive	activation	activation	activation	inhibition	inactive	inactive
YAP1_HUMAN	ambiguous	ambiguous	ambiguous	ambiguous	ambiguous	ambiguous	ambiguous
PRP4B_HUMAN	ambiguous	ambiguous	ambiguous	ambiguous	ambiguous	ambiguous	ambiguous
ARHGB_HUMAN#K.n[305.21]HQVLLEDPEQEGS[167.00]AEEEELGVLPC[160.03]PSTSLDGENR.G	inactive	activation	inactive	inactive	inactive	inactive	inactive
C2TA_HUMAN	ambiguous	ambiguous	ambiguous	ambiguous	ambiguous	ambiguous	ambiguous
KAP2_HUMAN#R.n[305.21]RVSVC[160.03]AETY[243.03]NPDEEEEDTDPR.V	inactive	activation	inhibition	inactive	inactive	inactive	inactive
ZO2_HUMAN#K.n[305.21]HPDIY[243.03]AVPIK[432.30].T	inhibition	inactive	inactive	inactive	inactive	inactive	inactive
HACD3_HUMAN#K.n[305.21]RPLFLAPDFDRWLDES[167.00]DAEMELR.A	inactive	activation	inactive	inactive	inactive	inactive	inactive
DOCK4_HUMAN#R.n[305.21]ERPC[160.03]SAIYPT[181.01]PVEPSQR.M	activation	inactive	inactive	inactive	inactive	inactive	inactive
LARP1_HUMAN	ambiguous	ambiguous	ambiguous	ambiguous	ambiguous	ambiguous	ambiguous
ICK_HUMAN#R.n[305.21]SK[432.30]PPYTDY[243.03]VSTR.W	inhibition	inhibition	inactive	inactive	inactive	inactive	inactive
NEK6_HUMAN	ambiguous	ambiguous	ambiguous	ambiguous	ambiguous	ambiguous	ambiguous
ARL6_HUMAN	ambiguous	ambiguous	ambiguous	ambiguous	ambiguous	ambiguous	ambiguous
ERF_HUMAN	ambiguous	ambiguous	ambiguous	ambiguous	ambiguous	ambiguous	ambiguous
DNLI1_HUMAN	ambiguous	ambiguous	ambiguous	ambiguous	ambiguous	ambiguous	ambiguous
DNMT1_HUMAN#K.n[305.21]EADDDEEVDDNIPEMPS[167.00]PK[432.30].K	inactive	activation	inhibition	inactive	inactive	inactive	inactive
ITSN2_HUMAN#K.n[305.21]IIPGSEVK[432.30]REEPEALY[243.03]AAVNK[432.30].K	activation	inhibition	inactive	inactive	inactive	inactive	inactive
LAP2B_HUMAN#K.n[305.21]HAS[167.00]PILPITEFSDIPR.R	inactive	inactive	inactive	inactive	inactive	inhibition	inactive
GLIS2_HUMAN	ambiguous	ambiguous	ambiguous	ambiguous	ambiguous	ambiguous	ambiguous
PDLI1_HUMAN#R.n[305.21]VTPPEGY[243.03]EVVTVFPK[432.30].-	activation	inactive	inactive	inactive	inactive	inactive	inactive
AKAP2_HUMAN	inactive	ambiguous	ambiguous	ambiguous	ambiguous	ambiguous	ambiguous
HGS_HUMAN#K.n[305.21]K[432.30]QEY[243.03]LEVQR.Q	inactive	inactive	activation	inactive	inactive	inactive	inactive
MYO6_HUMAN	ambiguous	ambiguous	ambiguous	ambiguous	ambiguous	ambiguous	ambiguous
RAD50_HUMAN	ambiguous	ambiguous	ambiguous	ambiguous	ambiguous	ambiguous	ambiguous
UBP10_HUMAN	ambiguous	ambiguous	ambiguous	ambiguous	ambiguous	ambiguous	ambiguous
HTSF1_HUMAN#R.n[305.21]RSDS[167.00]VSASER.A	inactive	inactive	inactive	inhibition	inactive	inactive	inactive
SCG1_HUMAN	ambiguous	ambiguous	ambiguous	ambiguous	ambiguous	ambiguous	ambiguous
HDAC2_HUMAN	ambiguous	ambiguous	ambiguous	ambiguous	ambiguous	ambiguous	ambiguous
FA53C_HUMAN#R.n[305.21]GSGGGGGPQVPHQS[167.00]PPK[432.30]R.V	inactive	activation	inhibition	inactive	inactive	inactive	inactive
SRRM2_HUMAN#R.n[305.21]C[160.03]RS[167.00]PGMLEPLGSSR.T	inactive	inactive	inactive	inactive	inactive	inhibition	inhibition
NHLC2_HUMAN#R.n[305.21]FAGSGNEENRNNAY[243.03]PHK[432.30].A	inhibition	inhibition	inactive	inactive	inactive	inactive	inactive
EMAL4_HUMAN#R.n[305.21]ASPS[167.00]PQPSSQPLQIHR.Q	inactive	inactive	inhibition	inhibition	inhibition	inactive	inactive
LAS1L_HUMAN#R.n[305.21]IC[160.03]SIYTQSGENSLVQEGS[167.00]EASPIGK[432.30].S	inactive	inactive	inactive	inactive	activation	inactive	inactive
RBM8A_HUMAN	inactive	inactive	ambiguous	ambiguous	ambiguous	ambiguous	ambiguous
EGF_HUMAN	ambiguous	ambiguous	ambiguous	ambiguous	ambiguous	ambiguous	ambiguous
PAIRB_HUMAN#R.n[305.21]FDQLFDDES[167.00]DPFEVLK[432.30].A	inactive	inactive	inactive	inactive	inactive	inactive	inhibition
TM1L1_HUMAN	ambiguous	ambiguous	ambiguous	ambiguous	ambiguous	ambiguous	ambiguous
ANS1A_HUMAN#R.n[305.21]EEDEHPY[243.03]ELLLTAETK[432.30].K	activation	inactive	inactive	inactive	inactive	inactive	inactive
AKT1_HUMAN	ambiguous	ambiguous	ambiguous	ambiguous	ambiguous	ambiguous	ambiguous
PLSL_HUMAN#K.n[305.21]Y[243.03]AFVNWINK[432.30].A	inhibition	inactive	inactive	inactive	inactive	inactive	inactive
KIF4A_HUMAN#R.n[305.21]TFS[167.00]LTEVR.G	inactive	inactive	inactive	inactive	activation	inactive	inactive
CFDP1_HUMAN#K.n[305.21]SK[432.30]LDWES[167.00]FK[432.30]EEEGIGEELAIHNR.G	inactive	inhibition	inactive	inactive	inactive	inactive	inactive
IF4G1_HUMAN#R.n[305.21]EAALPPVS[167.00]PLK[432.30].A	inactive	inactive	inactive	activation	activation	inactive	inactive
LSR_HUMAN#R.n[305.21]SRDPHY[243.03]DDFR.S	activation	inactive	inhibition	inactive	inactive	inactive	inactive
DREB_HUMAN#R.n[305.21]SPS[167.00]DSSTASTPVAEQIER.A	inactive	inactive	inactive	inactive	inactive	activation	activation
TOP2B_HUMAN#R.n[305.21]K[432.30]AS[167.00]GSENEGDYNPGR.K	inactive	inactive	activation	inactive	inactive	inactive	inactive
MCMBP_HUMAN	ambiguous	ambiguous	ambiguous	ambiguous	ambiguous	ambiguous	ambiguous
DDX21_HUMAN#K.n[305.21]NGFPHPEPDC[160.03]NPSEAASEES[167.00]NS[167.00]EIEQEIPVEQK[432.30].E	inactive	activation	inhibition	inactive	inactive	inactive	inactive
ZFY16_HUMAN#K.n[305.21]VDTTLSDS[167.00]YNYSGTENLK[432.30].D	inactive	inactive	activation	inactive	inactive	inactive	inactive
NIPBL_HUMAN	inactive	inactive	inactive	inactive	inactive	ambiguous	ambiguous
ABI1_HUMAN#K.n[305.21]TLEPVK[432.30]PPTVPNDY[243.03]MTSPAR.L	inactive	inhibition	inactive	inactive	inactive	inactive	inactive
DDX3X_HUMAN#R.n[305.21]GRSDY[243.03]DGIGSR.G	activation	activation	inactive	inactive	inactive	inactive	inactive
ZYX_HUMAN	ambiguous	ambiguous	ambiguous	ambiguous	ambiguous	ambiguous	ambiguous
IRF2_HUMAN	ambiguous	ambiguous	ambiguous	ambiguous	ambiguous	ambiguous	ambiguous
SIN3A_HUMAN	ambiguous	ambiguous	ambiguous	ambiguous	ambiguous	ambiguous	ambiguous
PDIA6_HUMAN#R.n[305.21]EPWDGRDGELPVEDDIDLS[167.00]DVELDDLGK[432.30]DEL.-	inactive	inactive	inactive	inactive	inactive	inactive	activation
I2BP2_HUMAN#R.n[305.21]NSNS[167.00]PPS[167.00]PSSMNQR.R	inactive	inactive	inactive	inactive	inactive	inactive	inhibition
PANK2_HUMAN#R.n[305.21]ASS[167.00]ASVPAVGASAEGTR.R	inactive	inactive	inhibition	inactive	inactive	inactive	inactive
MK03_HUMAN#R.n[305.21]IADPEHDHTGFLT[181.01]EYVATR.W	activation	activation	activation	inactive	inactive	inactive	inactive
41_HUMAN#R.n[305.21]ERLDGENIY[243.03]IR.H	activation	inhibition	inactive	inhibition	inactive	inactive	inactive
EGFR_HUMAN#R.n[305.21]Y[243.03]SSDPTGALTEDSIDDTFLPVPEYINQSVPK[432.30].R	activation	inactive	inactive	inactive	inactive	inactive	inactive
DOCK4_HUMAN#R.n[305.21]ERPC[160.03]SAIY[243.03]PTPVEPSQR.M	activation	inactive	inactive	inactive	inactive	inactive	inactive
AKAP1_HUMAN	inactive	ambiguous	ambiguous	ambiguous	ambiguous	ambiguous	ambiguous
HIPK3_HUMAN#K.n[305.21]TVC[160.03]STY[243.03]LQSR.Y	inactive	inactive	inactive	inactive	inactive	inactive	inhibition
SAT1_HUMAN	ambiguous	ambiguous	ambiguous	ambiguous	ambiguous	ambiguous	ambiguous
XRN2_HUMAN	ambiguous	ambiguous	ambiguous	ambiguous	ambiguous	ambiguous	ambiguous
BCAR1_HUMAN#R.n[305.21]HLLAPGPQDIY[243.03]DVPPVR.G	inactive	activation	inhibition	inactive	inactive	inactive	inactive
ARHG5_HUMAN#K.n[305.21]ALVSSESY[243.03]LQR.L	activation	inhibition	inactive	inactive	inactive	inactive	inactive
CCD53_HUMAN	ambiguous	ambiguous	ambiguous	ambiguous	ambiguous	ambiguous	ambiguous
1433Z_HUMAN	ambiguous	ambiguous	ambiguous	ambiguous	ambiguous	ambiguous	ambiguous
SRSF6_HUMAN	inactive	ambiguous	ambiguous	ambiguous	ambiguous	ambiguous	ambiguous
ZC3H4_HUMAN	inactive	inactive	inactive	inactive	inactive	ambiguous	ambiguous
TELO2_HUMAN#R.n[305.21]LLPPAS[167.00]P.-	inactive	inactive	activation	inhibition	inactive	inactive	inactive
Z280C_HUMAN#K.n[305.21]SEPHS[167.00]PGIPEIFR.T	inactive	inactive	activation	activation	activation	inactive	inactive
EPN1_HUMAN#K.n[305.21]NIVHNY[243.03]SEAEIK[432.30].V	inactive	inactive	activation	inactive	inactive	inactive	inactive
SRRM2_HUMAN#R.n[305.21]SLSGSS[167.00]PC[160.03]PK[432.30].Q	inactive	inactive	inhibition	inhibition	inhibition	inactive	inactive
NUCKS_HUMAN#K.n[305.21]DDSHSAEDS[167.00]EDEK[432.30]EDHK[432.30].N	inactive	inactive	inactive	inhibition	inactive	inactive	inactive
FGR_HUMAN#K.n[305.21]GAY[243.03]SLSIR.D	inhibition	inactive	inactive	inactive	inactive	inactive	inactive
ABLM1_HUMAN	ambiguous	ambiguous	ambiguous	ambiguous	ambiguous	ambiguous	ambiguous
SMAG2_HUMAN	ambiguous	ambiguous	ambiguous	ambiguous	ambiguous	ambiguous	ambiguous
MARCS_HUMAN#K.n[305.21]EAPAEGEAAEPGS[167.00]PTAAEGEAASAASSTSSPK[432.30].A	inactive	inactive	inactive	inactive	inactive	activation	activation
RNF11_HUMAN	ambiguous	ambiguous	ambiguous	ambiguous	ambiguous	ambiguous	ambiguous
GAREM_HUMAN#K.n[305.21]SELPY[243.03]EELWLEEGK[432.30]PSHQPLTR.S	activation	inactive	inactive	activation	inactive	inactive	inactive
PHIP_HUMAN	ambiguous	ambiguous	ambiguous	ambiguous	ambiguous	ambiguous	ambiguous
ABCF1_HUMAN	ambiguous	ambiguous	ambiguous	ambiguous	ambiguous	ambiguous	ambiguous
CTND1_HUMAN#R.n[305.21]APS[167.00]RQDVYGPQPQVR.V	inactive	inactive	inactive	inactive	inactive	inactive	inactive
DDX21_HUMAN#K.n[305.21]K[432.30]AEPSEVDMNS[167.00]PK[432.30].S	inactive	inhibition	inactive	inactive	inactive	inactive	inactive
ACK1_HUMAN#K.n[305.21]Y[243.03]ATPQVIQAPGPR.A	inactive	activation	inhibition	inactive	inhibition	inactive	inhibition
EGFR_HUMAN#R.n[305.21]MHLPSPTDSNFY[243.03]R.A	activation	inhibition	activation	inactive	inhibition	inactive	inactive
FUND2_HUMAN#K.n[305.21]S[167.00]NQIPTEVR.S	inactive	inactive	inactive	activation	inactive	inactive	inactive
IRS4_HUMAN#R.n[305.21]SSPLGQNDNSEY[243.03]VPMLPGK[432.30].F	activation	inhibition	inactive	inactive	inactive	inactive	inactive
WDR48_HUMAN#R.n[305.21]DGT[181.01]QC[160.03]LSGSSDGTIR.L	inhibition	inactive	inactive	inactive	inactive	inactive	inactive
DDX54_HUMAN#K.n[305.21]QPEK[432.30]EEEEEAGES[167.00]VEDIFSEVVGR.K	inactive	inhibition	inactive	inhibition	inactive	inhibition	inactive
MARCS_HUMAN#K.n[305.21]GEPAAAAAPEAGAS[167.00]PVEK[432.30].E	inactive	inactive	inactive	inactive	inactive	inactive	activation
CRKL_HUMAN#R.n[305.21]NSNSYGIPEPAHAYAQPQTTTPLPAVSGS[167.00]PGAAITPLPSTQNGPVFAK[432.30].A	inactive	activation	inactive	inactive	inactive	inactive	inactive
CBL_HUMAN#K.n[305.21]IK[432.30]PSSSANAIY[243.03]SLAARPLPVPK[432.30].L	activation	inhibition	inactive	inactive	inactive	inactive	inactive
NUP62_HUMAN#K.n[305.21]ELEDLLS[167.00]PLEELVK[432.30].E	inactive	inactive	inactive	inactive	inactive	activation	activation
AR6P4_HUMAN	ambiguous	ambiguous	ambiguous	ambiguous	ambiguous	ambiguous	ambiguous
PARD3_HUMAN#R.n[305.21]DVTIGGSAPIY[243.03]VK[432.30].N	inhibition	inactive	inactive	inhibition	inactive	inactive	inactive
STRN4_HUMAN	ambiguous	ambiguous	ambiguous	ambiguous	ambiguous	ambiguous	ambiguous
E9PAU2_HUMAN	ambiguous	ambiguous	ambiguous	ambiguous	ambiguous	ambiguous	ambiguous
MARCS_HUMAN#K.n[305.21]VNGDAS[167.00]PAAAESGAK[432.30]EELQANGSAPAADK[432.30]EEPAAAGSGAASPSAAEK[432.30].G	inactive	inactive	inactive	inactive	inactive	inactive	inactive
HGS_HUMAN#K.n[305.21]STY[243.03]TSYPK[432.30].A	inactive	inactive	activation	inactive	inactive	inactive	inactive
CH10_HUMAN#K.n[305.21]VLLPEY[243.03]GGTK[432.30].V	inhibition	inactive	inhibition	inactive	inactive	inactive	inactive
EGFR_HUMAN#K.n[305.21]GSTAENAEY[243.03]LR.V	activation	inactive	inactive	inactive	inactive	inactive	inactive
ZCH18_HUMAN#K.n[305.21]SSQQPST[181.01]PQQAPPGQPQQGTFVAHK[432.30].E	inactive	inactive	inhibition	inactive	inhibition	inhibition	inactive
CBLB_HUMAN#R.n[305.21]TSQDY[243.03]DQLPSC[160.03]SDGSQAPARPPK[432.30]PRPR.R	activation	inactive	inactive	inactive	inactive	inactive	inactive
PPIG_HUMAN	ambiguous	ambiguous	ambiguous	ambiguous	ambiguous	ambiguous	ambiguous
MPRI_HUMAN	ambiguous	ambiguous	ambiguous	ambiguous	ambiguous	ambiguous	ambiguous
DNM1L_HUMAN#K.n[305.21]SK[432.30]PIPIMPAS[167.00]PQK[432.30].G	inactive	inhibition	inactive	inactive	inactive	inactive	inactive
ARHG5_HUMAN#K.n[305.21]LINSSQLLYQEY[243.03]SDVVLNK[432.30].E	activation	inactive	inactive	inactive	inactive	inactive	inactive
MP2K1_HUMAN	ambiguous	ambiguous	ambiguous	ambiguous	ambiguous	ambiguous	ambiguous
ZO1_HUMAN	ambiguous	ambiguous	ambiguous	ambiguous	ambiguous	ambiguous	ambiguous
ZN318_HUMAN	ambiguous	ambiguous	ambiguous	ambiguous	ambiguous	ambiguous	ambiguous
UBP24_HUMAN#R.n[305.21]VSDQNS[167.00]PVLPK[432.30].K	inactive	inactive	inactive	inactive	inactive	inactive	inactive
ACTB_HUMAN#R.n[305.21]GY[243.03]SFTTTAER.E	inactive	inactive	activation	activation	inactive	inhibition	inactive
IRS4_HUMAN#R.n[305.21]EADSSSDY[243.03]VNMDFTK[432.30]R.E	activation	inhibition	inactive	inactive	inactive	inactive	inactive
KPRA_HUMAN#R.n[305.21]LGLAVIHGEAQC[160.03]TELDMDDGRHS[167.00]PPMVK[432.30].N	inactive	inhibition	inactive	inactive	inactive	inactive	inactive
OTUL_HUMAN#K.n[305.21]AAASGQPRPEMQC[160.03]PAEHEEDMY[243.03]RAADEIEK[432.30].E	activation	inactive	inactive	inactive	inactive	inactive	inactive
BCLF1_HUMAN#K.n[305.21]QK[432.30]FNDS[167.00]EGDDTEETEDYRQFR.K	inactive	inhibition	inactive	inactive	inactive	inactive	inactive
SHIP2_HUMAN#K.n[305.21]TLSEVDY[243.03]APAGPAR.S	activation	inhibition	inhibition	inactive	inactive	inactive	inactive
NUCKS_HUMAN#K.n[305.21]VVDYSQFQES[167.00]DDADEDYGR.D	inactive	activation	inhibition	inactive	inactive	inactive	inactive
PLCG1_HUMAN#R.n[305.21]NPGFY[243.03]VEANPMPTFK[432.30].C	activation	inactive	inactive	inactive	inactive	inactive	inactive
STA5A_HUMAN#K.n[305.21]AVDGY[243.03]VK[432.30]PQIK[432.30].Q	activation	inactive	activation	activation	inactive	inhibition	inactive
IWS1_HUMAN#R.n[305.21]MNS[167.00]TGGQTPR.R	inactive	inactive	activation	inhibition	inactive	inactive	inactive
HUWE1_HUMAN	ambiguous	ambiguous	ambiguous	ambiguous	ambiguous	ambiguous	ambiguous
RU17_HUMAN#R.n[305.21]EFEVY[243.03]GPIK[432.30]R.L	inhibition	inhibition	inactive	inhibition	inactive	inactive	inactive
NSF1C_HUMAN#R.n[305.21]LGAAPEEESAY[243.03]VAGEK[432.30].R	activation	inactive	inactive	inactive	inactive	inactive	inactive
CRK_HUMAN#R.n[305.21]QGSGVILRQEEAEY[243.03]VR.A	inactive	activation	activation	activation	inhibition	inactive	inactive
PKP4_HUMAN#K.n[305.21]STTNY[243.03]VDFYSTK[432.30].R	inactive	inhibition	inactive	inactive	inactive	inactive	inactive
PTN18_HUMAN#R.n[305.21]SAEEAPLY[243.03]SK[432.30].V	activation	inactive	inactive	inactive	inactive	inactive	inactive
EGFR_HUMAN#K.n[305.21]GSHQISLDNPDY[243.03]QQDFFPK[432.30].E	activation	inhibition	inactive	inactive	inactive	inactive	inactive
EPS15_HUMAN#K.n[305.21]EADPSNFANFSAY[243.03]PSEEDMIEWAK[432.30].R	inactive	inactive	inactive	inactive	inactive	inactive	inactive
NUP50_HUMAN#K.n[305.21]VAAETQS[167.00]PSLFGSTK[432.30].L	inactive	inactive	inactive	inactive	inactive	inactive	inactive
GAB1_HUMAN#K.n[305.21]DASSQDC[160.03]Y[243.03]DIPR.A	activation	inactive	inactive	inactive	inactive	inactive	inactive
PTPRA_HUMAN	ambiguous	ambiguous	ambiguous	ambiguous	ambiguous	ambiguous	ambiguous
TBA1A_HUMAN#K.n[305.21]AY[243.03]HEQLSVAEITNAC[160.03]FEPANQMVK[432.30].C	activation	inhibition	inactive	inactive	inactive	inactive	inactive
EGFR_HUMAN#K.n[305.21]EY[243.03]HAEGGK[432.30]VPIK[432.30].W	inactive	inactive	activation	activation	inactive	inactive	inactive
NUCL_HUMAN#K.n[305.21]K[432.30]VVVS[167.00]PTK[432.30].K	inactive	inhibition	inactive	inactive	inactive	inactive	inactive
RNF31_HUMAN	ambiguous	ambiguous	ambiguous	ambiguous	ambiguous	ambiguous	ambiguous
LMNA_HUMAN	ambiguous	ambiguous	ambiguous	ambiguous	ambiguous	ambiguous	ambiguous
GAPD1_HUMAN	ambiguous	ambiguous	ambiguous	ambiguous	ambiguous	ambiguous	ambiguous
KLC4_HUMAN	ambiguous	ambiguous	ambiguous	ambiguous	ambiguous	ambiguous	ambiguous
WASL_HUMAN#K.n[305.21]VIY[243.03]DFIEK[432.30].T	inactive	inhibition	inactive	inactive	inhibition	inhibition	inactive
GAB1_HUMAN#K.n[305.21]SSGSGSSVADERVDY[243.03]VVVDQQK[432.30].T	activation	inhibition	inactive	inactive	inactive	inactive	inactive
KIF15_HUMAN	ambiguous	ambiguous	ambiguous	ambiguous	ambiguous	ambiguous	ambiguous
PDS5B_HUMAN	ambiguous	ambiguous	ambiguous	ambiguous	ambiguous	ambiguous	ambiguous
DOCK1_HUMAN#K.n[305.21]GSVADY[243.03]GNLMENQDLLGSPTPPPPPPHQR.H	activation	inactive	inactive	inactive	inactive	inactive	inactive
TBCB_HUMAN#R.n[305.21]LGEY[243.03]EDVSR.V	activation	inactive	inactive	inactive	inactive	inactive	inactive
CDK5_HUMAN#K.n[305.21]IGEGTY[243.03]GTVFK[432.30].A	inhibition	inactive	inactive	inactive	inactive	inactive	inactive
PIAS1_HUMAN	ambiguous	ambiguous	ambiguous	ambiguous	ambiguous	ambiguous	ambiguous
SHC1_HUMAN#K.n[305.21]QY[243.03]LRNPPK[432.30].L	activation	inactive	inactive	inactive	inactive	inactive	inactive
MK01_HUMAN#R.n[305.21]VADPDHDHTGFLTEY[243.03]VATR.W	activation	activation	inactive	inactive	inactive	inactive	inactive
TAOK1_HUMAN#R.n[305.21]AGS[167.00]LK[432.30]DPEIAELFFK[432.30]EDPEK[432.30].L	inactive	inactive	activation	inactive	inactive	inactive	inactive
CRK_HUMAN#R.n[305.21]QEEAEY[243.03]VR.A	inactive	activation	activation	inactive	inactive	inactive	inactive
PP1B_HUMAN#K.n[305.21]Y[243.03]QYGGLNSGRPVTPPR.T	inactive	activation	inactive	inactive	inactive	inactive	inactive
F208A_HUMAN#K.n[305.21]GGNLPPVS[167.00]PNDSGAK[432.30].L	inactive	inactive	inactive	inactive	inactive	inactive	activation
SNUT2_HUMAN#R.n[305.21]EREVDEDS[167.00]EPEREVR.A	inactive	activation	inactive	inactive	inactive	inactive	inactive
UBL7_HUMAN#R.n[305.21]DMPGGFLFEGLS[167.00]DDEDDFHPNTR.S	inactive	inactive	inactive	inactive	inactive	inactive	activation
DDX55_HUMAN#R.n[305.21]EEGS[167.00]DIEDEDMEELLNDTR.L	inactive	inactive	inhibition	inactive	inactive	inactive	inactive
SG223_HUMAN#R.n[305.21]EATQPEPIY[243.03]AESTK[432.30]R.K	inactive	inhibition	inactive	inhibition	inhibition	inactive	inactive
PLCG1_HUMAN#R.n[305.21]Y[243.03]QQPFEDFR.L	activation	inactive	inactive	inactive	inactive	inactive	inactive
TRI25_HUMAN	ambiguous	ambiguous	ambiguous	ambiguous	ambiguous	ambiguous	ambiguous
NELFE_HUMAN	ambiguous	ambiguous	ambiguous	ambiguous	ambiguous	ambiguous	ambiguous
CDK1_HUMAN#K.n[305.21]IGEGT[181.01]YGVVYK[432.30].G	inhibition	inhibition	inactive	inactive	inactive	inactive	inactive
KI67_HUMAN	ambiguous	ambiguous	ambiguous	ambiguous	ambiguous	ambiguous	ambiguous
EPS15_HUMAN#K.n[305.21]LNDPFQPFPGNDS[167.00]PK[432.30].E	inactive	inactive	inactive	inactive	inactive	inactive	inactive
CCD50_HUMAN#R.n[305.21]AYADSY[243.03]YYEDGGMK[432.30]PR.V	activation	inactive	inactive	inactive	inactive	inactive	inactive
TM1L2_HUMAN#R.n[305.21]K[432.30]TVTY[243.03]EDPQAVGGLASALDNRK[432.30].Q	activation	inactive	inactive	inactive	inactive	inactive	inactive
RN213_HUMAN#R.n[305.21]EAAEPLSEPK[432.30]EDQEAAELLS[167.00]EPEEESER.H	inactive	activation	inhibition	inactive	inactive	inactive	inactive
1433G_HUMAN	ambiguous	ambiguous	ambiguous	ambiguous	ambiguous	ambiguous	ambiguous
CDK1_HUMAN#K.n[305.21]IGEGTY[243.03]GVVYK[432.30].G	inhibition	inhibition	inactive	inactive	inactive	inactive	inactive
CCNK_HUMAN#R.n[305.21]AVVVS[167.00]PK[432.30]EENK[432.30].A	inactive	inhibition	inactive	inactive	inactive	inactive	inactive
WIZ_HUMAN#R.n[305.21]TQSRPGGPPNPPGPS[167.00]PK[432.30].A	inactive	inactive	inactive	inactive	inactive	inactive	inhibition
STAT3_HUMAN#K.n[305.21]YC[160.03]RPESQEHPEADPGSAAPY[243.03]LK[432.30].T	activation	inactive	inactive	inactive	inactive	inactive	inactive
STAM2_HUMAN#K.n[305.21]SLY[243.03]PSSEIQLNNK[432.30].V	inactive	inactive	activation	inactive	inactive	inactive	inactive
ADDA_HUMAN#R.n[305.21]AAVVT[181.01]SPPPTTAPHK[432.30].E	inactive	inactive	inactive	inactive	activation	inactive	inactive
PHAG1_HUMAN	ambiguous	ambiguous	ambiguous	ambiguous	ambiguous	ambiguous	ambiguous
RRAS2_HUMAN	ambiguous	ambiguous	ambiguous	ambiguous	ambiguous	ambiguous	ambiguous
MARK2_HUMAN	ambiguous	ambiguous	ambiguous	ambiguous	ambiguous	ambiguous	ambiguous
NKAP_HUMAN#R.n[305.21]IGELGAPEVWGLS[167.00]PK[432.30]NPEPDS[167.00]DEHT[181.01]PVEDEEPK[432.30]K[432.30].S	inactive	inhibition	inactive	inactive	inactive	inactive	inactive
ATM_HUMAN	ambiguous	ambiguous	ambiguous	ambiguous	ambiguous	ambiguous	ambiguous
BCAR1_HUMAN#R.n[305.21]RPGPGTLY[243.03]DVPR.E	inhibition	inactive	inhibition	inactive	inactive	inactive	inactive
IF2P_HUMAN	ambiguous	ambiguous	ambiguous	ambiguous	ambiguous	ambiguous	ambiguous
E41L2_HUMAN	ambiguous	ambiguous	ambiguous	ambiguous	ambiguous	ambiguous	ambiguous
DNMT1_HUMAN#R.n[305.21]VGMADANS[167.00]PPK[432.30]PLSK[432.30]PR.T	inactive	inhibition	inactive	inactive	inactive	inactive	inactive
LA_HUMAN	ambiguous	ambiguous	ambiguous	ambiguous	ambiguous	ambiguous	ambiguous
MKL1_HUMAN#R.n[305.21]AGSC[160.03]C[160.03]LS[167.00]PGGR.A	inactive	activation	activation	inactive	inactive	inactive	inactive
PTN2_HUMAN	ambiguous	ambiguous	ambiguous	ambiguous	ambiguous	ambiguous	ambiguous
WAP53_HUMAN	ambiguous	ambiguous	ambiguous	ambiguous	ambiguous	ambiguous	ambiguous
WAPL_HUMAN	ambiguous	ambiguous	ambiguous	ambiguous	ambiguous	ambiguous	ambiguous
CEBPZ_HUMAN	ambiguous	ambiguous	ambiguous	ambiguous	ambiguous	ambiguous	ambiguous
AKA11_HUMAN	inactive	ambiguous	ambiguous	ambiguous	ambiguous	ambiguous	ambiguous
BCLF1_HUMAN#K.n[305.21]QK[432.30]FNDS[167.00]EGDDTEETEDYR.Q	inactive	inactive	inactive	inactive	inactive	activation	inactive
IGF1R_HUMAN#R.n[305.21]DIYETDYY[243.03]RK[432.30].G	inhibition	inhibition	inactive	inactive	inactive	inactive	inactive
EPHA3_HUMAN#R.n[305.21]VLEDDPEAAY[243.03]TTR.G	inhibition	inactive	inactive	inactive	inactive	inactive	inactive
SUMO2_HUMAN	ambiguous	ambiguous	ambiguous	ambiguous	ambiguous	ambiguous	ambiguous
BAZ2A_HUMAN	ambiguous	ambiguous	ambiguous	ambiguous	ambiguous	ambiguous	ambiguous
CD2AP_HUMAN	ambiguous	ambiguous	ambiguous	ambiguous	ambiguous	ambiguous	ambiguous
AT1A1_HUMAN#R.n[305.21]GIVVY[243.03]TGDR.T	inhibition	inactive	inactive	inhibition	inactive	inactive	inactive
ELF2_HUMAN#K.n[305.21]TIEAAEALLHMES[167.00]PTC[160.03]LR.D	inactive	inactive	inactive	inactive	activation	inactive	inactive
PNKP_HUMAN	inactive	ambiguous	ambiguous	ambiguous	ambiguous	ambiguous	ambiguous
AP3D1_HUMAN#K.n[305.21]HRPS[167.00]EADEEELAR.R	inactive	inactive	activation	inactive	inactive	inactive	inactive
TOM1_HUMAN	ambiguous	ambiguous	ambiguous	ambiguous	ambiguous	ambiguous	ambiguous
HTSF1_HUMAN#R.n[305.21]SDS[167.00]VSASER.A	inactive	inactive	activation	inhibition	inactive	inactive	inactive
SRSF4_HUMAN	inactive	ambiguous	ambiguous	ambiguous	ambiguous	ambiguous	ambiguous
ADNP_HUMAN	ambiguous	ambiguous	ambiguous	ambiguous	ambiguous	ambiguous	ambiguous
PININ_HUMAN#R.n[305.21]RGFS[167.00]DSGGGPPAK[432.30].Q	inactive	inactive	activation	inactive	inactive	inactive	inactive
EPHA2_HUMAN	ambiguous	ambiguous	ambiguous	ambiguous	ambiguous	ambiguous	ambiguous
SPY1_HUMAN#R.n[305.21]GSNEY[243.03]TEGPSVVK[432.30].R	activation	inactive	activation	inactive	inactive	inactive	inactive
DOCK4_HUMAN#K.n[305.21]TPPPYSVY[243.03]ER.T	activation	inactive	inactive	inactive	inactive	inactive	inactive
GAB1_HUMAN#R.n[305.21]VDY[243.03]VVVDQQK[432.30].T	activation	inactive	inactive	inactive	inactive	inactive	inactive
DYR1B_HUMAN#R.n[305.21]IYQY[243.03]IQSR.F	inactive	inactive	inactive	inactive	inactive	inactive	inhibition
CCD50_HUMAN#R.n[305.21]AYADSYY[243.03]YEDGGMK[432.30]PR.V	activation	inactive	inactive	inactive	inactive	inactive	inactive
TCP4_HUMAN#K.n[305.21]EQIS[167.00]DIDDAVR.K	inactive	activation	inactive	inactive	inactive	inactive	inactive
ZKSC1_HUMAN#R.n[305.21]EATGLS[167.00]PQAAQEK[432.30].D	inactive	inhibition	inactive	inactive	inactive	inactive	inactive
MIPT3_HUMAN#K.n[305.21]MVY[243.03]SINLT[181.01]SR.R	inhibition	inactive	inactive	inactive	inactive	inactive	inhibition
XRCC1_HUMAN#K.n[305.21]TK[432.30]PTQAAGPSS[167.00]PQK[432.30]PPT[181.01]PEETK[432.30].A	inactive	inhibition	inactive	inactive	inactive	inactive	inactive
EFNA5_HUMAN	ambiguous	ambiguous	ambiguous	ambiguous	ambiguous	ambiguous	ambiguous
OPTN_HUMAN#R.n[305.21]TS[167.00]DSDQQAYLVQR.G	inactive	inactive	inactive	activation	activation	inactive	inactive
PTN11_HUMAN#K.n[305.21]IQNTGDY[243.03]YDLYGGEK[432.30].F	inactive	inactive	inactive	inactive	inactive	inactive	activation
KKCC1_HUMAN	ambiguous	ambiguous	ambiguous	ambiguous	ambiguous	ambiguous	ambiguous
SMCA4_HUMAN#R.n[305.21]GRPPAEK[432.30]LS[167.00]PNPPNLTK[432.30].K	inactive	inhibition	inactive	inactive	inactive	inactive	inactive
SCAM3_HUMAN#K.n[305.21]NYGSY[243.03]STQASAAAATAELLK[432.30].K	activation	inactive	inactive	inactive	inactive	inactive	inactive
PUR6_HUMAN#K.n[305.21]EVYELLDS[167.00]PGK[432.30].V	inactive	inactive	inactive	inactive	inactive	inhibition	inactive
SMC3_HUMAN	ambiguous	ambiguous	ambiguous	ambiguous	ambiguous	ambiguous	ambiguous
TOIP1_HUMAN	ambiguous	ambiguous	ambiguous	ambiguous	ambiguous	ambiguous	ambiguous
EPHA7_HUMAN#R.n[305.21]VIEDDPEAVY[243.03]TTTGGK[432.30].L	inhibition	inhibition	inactive	inactive	inactive	inactive	inactive
PALLD_HUMAN	ambiguous	ambiguous	ambiguous	ambiguous	ambiguous	ambiguous	ambiguous
SHIP2_HUMAN#K.n[305.21]NSFNNPAY[243.03]YVLEGVPHQLLPPEPPSPAR.A	activation	activation	inactive	inactive	inactive	inactive	inactive
WDHD1_HUMAN#R.n[305.21]SHILEDDENS[167.00]VDISMLK[432.30].T	inactive	inactive	inactive	inactive	inhibition	inactive	inactive
MYH10_HUMAN	ambiguous	ambiguous	ambiguous	ambiguous	ambiguous	ambiguous	ambiguous
M4K5_HUMAN#R.n[305.21]ISSY[243.03]PEDNFPDEEK[432.30].A	activation	inactive	inactive	inactive	inactive	inactive	inactive
HIRP3_HUMAN	ambiguous	ambiguous	ambiguous	ambiguous	ambiguous	ambiguous	ambiguous
HIPK2_HUMAN#K.n[305.21]AVC[160.03]STY[243.03]LQSR.Y	inhibition	inactive	inhibition	inactive	inactive	inactive	inactive
TM1L2_HUMAN#K.n[305.21]TVTY[243.03]EDPQAVGGLASALDNR.K	inactive	activation	inhibition	inactive	inactive	inactive	inactive
EGFR_HUMAN#R.n[305.21]ELVEPLT[181.01]PSGEAPNQALLR.L	inactive	inactive	inactive	activation	inactive	inactive	inactive
TENC1_HUMAN	ambiguous	ambiguous	ambiguous	ambiguous	ambiguous	ambiguous	ambiguous
FAK1_HUMAN#R.n[305.21]Y[243.03]MEDSTYYK[432.30].A	inactive	inhibition	inactive	inactive	inactive	inactive	inactive
WNK1_HUMAN	ambiguous	ambiguous	ambiguous	ambiguous	ambiguous	ambiguous	ambiguous
H2AY_HUMAN#K.n[305.21]GK[432.30]LEAIIT[181.01]PPPAK[432.30]K[432.30].A	inactive	inhibition	inactive	inactive	inactive	inactive	inactive
AT2B4_HUMAN	inactive	ambiguous	ambiguous	ambiguous	ambiguous	ambiguous	ambiguous
AR6P6_HUMAN#R.n[305.21]SVLPPDGNGS[167.00]PVLPDK[432.30]R.N	inactive	inactive	inactive	inactive	inactive	inactive	activation